2023-08-01-14:40:31,2330,-0.00,-0.00,-0.00,-0.00,-0.00,-0.00,24.06,1441.06,-0.00,85164,-1.1059533330000000,36.9758863329999983,11402700,0
2023-08-01-14:40:32,2331,-0.81,1.08,10.61,-0.05,0.01,-0.02,23.96,1440.96,-0.00,85168,-1.1059533330000000,36.9758863329999983,11402700,0
2023-08-01-14:40:32,2332,-0.81,1.07,10.60,-0.05,0.01,-0.02,24.34,1441.34,-0.00,85176,-1.1059533330000000,36.9758863329999983,20230601,0
2023-08-01-14:40:32,2333,-0.80,1.07,10.61,-0.05,0.01,-0.02,23.96,1440.96,0.00,85172,-1.1059533330000000,36.9758863329999983,20230601,0
2023-08-01-14:40:32,2334,-0.80,1.07,10.60,-0.05,0.00,-0.02,23.86,1440.86,0.76,85175,-1.1059533330000000,36.9758863329999983,20230601,0
2023-08-01-14:40:32,2335,-0.80,1.07,10.60,-0.05,0.01,-0.02,23.86,1440.86,-0.01,85174,-1.1059533330000000,36.9758863329999983,20230601,0
2023-08-01-14:40:33,2336,-0.81,1.07,10.61,-0.19,0.02,-0.09,23.86,1440.86,-0.01,85170,-1.1059540000000001,36.9758866669999975,11402800,0
2023-08-01-14:40:33,2337,-0.80,1.07,10.59,-0.05,0.00,-0.02,-1.31,1415.69,-0.15,85171,-1.1059540000000001,36.9758866669999975,11402800,0
2023-08-01-14:40:33,2338,-0.81,1.07,10.60,-0.05,0.01,-0.02,24.25,1441.25,0.01,85175,-1.1059540000000001,36.9758866669999975,20230601,0
2023-08-01-14:40:33,2339,-0.81,1.07,10.60,-0.05,0.01,-0.02,23.67,1440.67,0.37,85176,-1.1059540000000001,36.9758866669999975,20230601,0
2023-08-01-14:40:33,2340,-0.81,1.07,10.59,-0.05,0.01,-0.02,23.77,1440.77,-0.01,85169,-1.1059540000000001,36.9758866669999975,20230601,0
2023-08-01-14:40:33,2341,-0.81,1.07,10.61,-0.19,0.02,-0.09,23.86,1440.86,-0.00,85168,-1.1059543329999999,36.9758866669999975,11402900,0
2023-08-01-14:40:34,2342,-0.81,1.07,10.60,-0.05,0.01,-0.02,23.58,1440.58,-0.01,85176,-1.1059543329999999,36.9758866669999975,11402900,0
2023-08-01-14:40:34,2343,-0.79,1.07,10.60,-0.05,0.00,-0.02,23.86,1440.86,-0.00,85174,-1.1059543329999999,36.9758866669999975,20230601,0
2023-08-01-14:40:34,2344,-0.81,1.07,10.59,-0.05,0.01,-0.02,24.34,1441.34,89.86,85180,-1.1059543329999999,36.9758866669999975,20230601,0
2023-08-01-14:40:34,2345,-0.81,1.07,10.59,-0.19,0.02,-0.09,23.77,1440.77,-0.00,85177,-1.1059543329999999,36.9758866669999975,20230601,0
2023-08-01-14:40:34,2346,-0.81,1.07,10.60,-0.05,0.01,-0.02,23.58,1440.58,-0.00,85180,-1.1059543329999999,36.9758866669999975,20230601,0
2023-08-01-14:40:34,2347,-0.81,1.07,10.59,-0.05,0.01,-0.02,23.96,1440.96,-0.01,85174,-1.1059541669999999,36.9758865000000014,11403000,0
2023-08-01-14:40:35,2348,-0.80,1.07,10.61,-0.05,0.01,-0.02,23.86,1440.86,0.37,85170,-1.1059541669999999,36.9758865000000014,11403000,0
2023-08-01-14:40:35,2349,-0.80,1.07,10.59,-0.05,0.01,-0.02,24.25,1441.25,92.61,85169,-1.1059541669999999,36.9758865000000014,20230601,0
2023-08-01-14:40:35,2350,-0.81,1.07,10.59,-0.19,0.02,-0.09,23.67,1440.67,-0.00,85172,-1.1059541669999999,36.9758865000000014,20230601,0
2023-08-01-14:40:35,2351,-0.80,1.07,10.59,-0.05,0.01,-0.02,24.06,1441.06,0.01,85170,-1.1059541669999999,36.9758865000000014,20230601,0
2023-08-01-14:40:35,2352,-0.80,1.08,10.60,-0.05,0.00,-0.02,24.15,1441.15,0.00,85168,-1.1059533330000000,36.9758868329999970,11403100,0
2023-08-01-14:40:36,2353,-0.81,1.07,10.61,-0.05,0.01,-0.02,23.29,1440.29,-0.01,85175,-1.1059533330000000,36.9758868329999970,11403100,0
2023-08-01-14:40:36,2354,-0.80,1.06,10.58,-0.05,0.01,-0.02,23.48,1440.48,-0.00,85173,-1.1059533330000000,36.9758868329999970,20230601,0
2023-08-01-14:40:36,2355,-0.81,1.07,10.60,-0.05,0.01,-0.02,23.39,1440.39,-0.01,85176,-1.1059533330000000,36.9758868329999970,20230601,0
2023-08-01-14:40:36,2356,-0.81,1.07,10.58,-0.05,0.00,-0.02,24.06,1441.06,128.96,85179,-1.1059533330000000,36.9758868329999970,20230601,0
2023-08-01-14:40:36,2357,-0.81,1.07,10.60,-0.05,0.00,-0.02,23.86,1440.86,0.79,85166,-1.1059533330000000,36.9758868329999970,20230601,0
2023-08-01-14:40:37,2358,-0.80,1.07,10.59,-0.05,0.01,-0.02,23.96,1440.96,-0.00,85167,-1.1059524999999999,36.9758866669999975,11403200,0
2023-08-01-14:40:37,2359,-1.62,2.13,21.17,-0.05,0.00,-0.02,24.25,1441.25,-0.00,85171,-1.1059524999999999,36.9758866669999975,20230601,0
2023-08-01-14:40:37,2360,-0.81,1.06,10.58,-0.05,0.01,-0.02,24.25,1441.25,-0.00,85171,-1.1059524999999999,36.9758866669999975,20230601,0
2023-08-01-14:40:37,2361,-0.82,1.07,10.60,-0.05,0.00,-0.02,24.25,1441.25,0.01,85169,-1.1059524999999999,36.9758866669999975,20230601,0
2023-08-01-14:40:37,2362,-0.80,1.07,10.61,-0.05,0.00,-0.02,23.77,1440.77,91.20,85169,-1.1059524999999999,36.9758866669999975,20230601,0
2023-08-01-14:40:37,2363,-0.81,1.07,10.61,-0.05,0.01,-0.02,24.44,1441.44,89.85,85168,-1.1059535000000000,36.9758870000000002,11403300,0
2023-08-01-14:40:38,2364,-0.80,1.07,10.59,-0.05,0.01,-0.02,23.86,1440.86,-0.00,85176,-1.1059535000000000,36.9758870000000002,11403300,0
2023-08-01-14:40:38,2365,-0.80,1.06,10.59,-0.05,0.01,-0.02,24.44,1441.44,0.00,85165,-1.1059535000000000,36.9758870000000002,20230601,0
2023-08-01-14:40:38,2366,-0.80,1.07,10.58,-0.05,0.01,-0.02,24.15,1441.15,0.80,85174,-1.1059535000000000,36.9758870000000002,20230601,0
2023-08-01-14:40:38,2367,-0.81,1.07,10.60,-0.05,0.00,-0.02,23.67,1440.67,-0.01,85180,-1.1059535000000000,36.9758870000000002,20230601,0
2023-08-01-14:40:38,2368,-1.60,2.15,21.18,-0.05,0.01,-0.02,24.34,1441.34,-0.00,85176,-1.1059535000000000,36.9758870000000002,20230601,0
2023-08-01-14:40:38,2369,-0.81,1.07,10.61,-0.05,0.01,-0.02,23.96,1440.96,0.80,85170,-1.1059536670000001,36.9758866669999975,11403400,0
2023-08-01-14:40:39,2370,-0.81,1.07,10.60,-0.05,0.00,-0.02,24.44,1441.44,-0.00,85173,-1.1059536670000001,36.9758866669999975,20230601,0
2023-08-01-14:40:39,2371,-0.79,1.06,10.60,-0.05,0.00,-0.02,23.67,1440.67,-0.01,85177,-1.1059536670000001,36.9758866669999975,20230601,0
2023-08-01-14:40:39,2372,-0.82,1.07,10.58,-0.05,0.01,-0.02,23.86,1440.86,0.85,85179,-1.1059536670000001,36.9758866669999975,20230601,0
2023-08-01-14:40:39,2373,-0.00,-0.00,-0.00,-0.00,-0.00,-0.00,23.96,1440.96,-0.01,85177,-1.1059536670000001,36.9758866669999975,20230601,0
2023-08-01-14:40:39,2374,-0.80,1.06,10.59,-0.05,0.01,-0.02,24.15,1441.15,-0.00,85171,-1.1059528329999999,36.9758863329999983,11403500,0
2023-08-01-14:40:39,2375,-0.81,1.07,10.59,-0.05,0.00,-0.02,24.54,1441.54,0.85,85177,-1.1059528329999999,36.9758863329999983,11403500,0
2023-08-01-14:40:40,2376,-0.80,1.07,10.60,-0.05,0.00,-0.02,24.82,1441.82,0.00,85163,-1.1059528329999999,36.9758863329999983,20230601,0
2023-08-01-14:40:40,2377,-0.81,1.07,10.59,-0.19,0.02,-0.09,24.15,1441.15,0.00,85169,-1.1059528329999999,36.9758863329999983,20230601,0
2023-08-01-14:40:40,2378,-0.80,1.07,10.60,-0.05,0.00,-0.02,23.86,1440.86,91.22,85171,-1.1059528329999999,36.9758863329999983,20230601,0
2023-08-01-14:40:40,2379,-0.81,1.07,10.60,-0.05,0.01,-0.02,23.77,1440.77,0.81,85173,-1.1059526669999999,36.9758865000000014,11403600,0
2023-08-01-14:40:40,2380,-0.81,1.06,10.59,-0.19,0.02,-0.09,24.34,1441.34,0.82,85168,-1.1059526669999999,36.9758865000000014,11403600,0
2023-08-01-14:40:41,2381,-0.81,1.08,10.60,-0.05,0.00,-0.02,24.34,1441.34,-0.00,85169,-1.1059526669999999,36.9758865000000014,20230601,0
2023-08-01-14:40:41,2382,-0.81,1.07,10.59,-0.05,0.00,-0.02,23.48,1440.48,-0.01,85172,-1.1059526669999999,36.9758865000000014,20230601,0
2023-08-01-14:40:41,2383,-0.80,1.07,10.60,-0.19,0.02,-0.09,23.86,1440.86,-0.00,85177,-1.1059526669999999,36.9758865000000014,20230601,0
2023-08-01-14:40:41,2384,-0.81,1.07,10.59,-0.05,0.01,-0.02,24.25,1441.25,0.00,85169,-1.1059526669999999,36.9758865000000014,20230601,0
2023-08-01-14:40:41,2385,-0.81,1.08,10.60,-0.05,0.01,-0.02,24.06,1441.06,-0.00,85169,-1.1059531670000000,36.9758870000000002,11403700,0
2023-08-01-14:40:41,2386,-1.61,2.13,21.19,-0.05,0.00,-0.02,23.58,1440.58,-0.00,85170,-1.1059531670000000,36.9758870000000002,11403700,0
2023-08-01-14:40:42,2387,-0.81,1.06,10.58,-0.05,0.01,-0.02,23.86,1440.86,0.01,85174,-1.1059531670000000,36.9758870000000002,20230601,0
2023-08-01-14:40:42,2388,-0.80,1.07,10.59,-0.05,0.01,-0.02,23.58,1440.58,-0.00,85177,-1.1059531670000000,36.9758870000000002,20230601,0
2023-08-01-14:40:44,2389,-0.80,1.08,10.59,-0.05,0.00,-0.02,24.15,1441.15,92.67,85175,-1.1059531670000000,36.9758870000000002,20230601,0
2023-08-01-14:40:44,2390,-0.00,-0.00,-0.00,-0.00,-0.00,-0.00,23.67,1440.67,-0.00,85176,-1.1059531670000000,36.9758870000000002,20230601,0
2023-08-01-14:40:44,2391,-0.00,-0.00,-0.00,-0.00,-0.00,-0.00,23.77,1440.77,-0.01,85174,-1.1059533330000000,36.9758873330000029,11403800,0
2023-08-01-14:40:44,2392,-0.81,1.07,10.60,-0.05,0.00,-0.02,23.96,1440.96,0.00,85175,-1.1059533330000000,36.9758873330000029,20230601,0
2023-08-01-14:40:44,2393,-0.81,1.08,10.60,-0.05,0.00,-0.02,23.96,1440.96,0.00,85172,-1.1059533330000000,36.9758873330000029,20230601,0
2023-08-01-14:40:44,2394,-1.61,2.15,21.17,-0.05,0.00,-0.02,23.58,1440.58,0.00,85171,-1.1059533330000000,36.9758873330000029,20230601,0
2023-08-01-14:40:44,2395,-0.00,-0.00,-0.00,-0.00,-0.00,-0.00,23.48,1440.48,-0.00,85179,-1.1059533330000000,36.9758873330000029,20230601,0
2023-08-01-14:40:44,2396,-0.81,1.07,10.59,-0.05,0.01,-0.02,24.06,1441.06,0.01,85179,-1.1059533330000000,36.9758873330000029,20230601,0
2023-08-01-14:40:44,2397,-0.80,1.07,10.58,-0.05,0.00,-0.02,23.86,1440.86,0.00,85177,-1.1059555000000001,36.9758871670000033,11403900,0
2023-08-01-14:40:44,2398,-0.81,1.07,10.60,-0.05,0.00,-0.02,23.58,1440.58,0.00,85177,-1.1059555000000001,36.9758871670000033,20230601,0
2023-08-01-14:40:44,2399,-0.80,1.06,10.60,-0.05,0.01,-0.02,23.48,1440.48,-0.00,85180,-1.1059555000000001,36.9758871670000033,20230601,0
2023-08-01-14:40:44,2400,-0.00,-0.00,-0.00,-0.00,-0.00,-0.00,23.67,1440.67,0.00,85176,-1.1059555000000001,36.9758871670000033,20230601,0
2023-08-01-14:40:44,2401,-0.81,1.07,10.59,-0.05,0.00,-0.02,23.10,1440.10,-0.01,85177,-1.1059555000000001,36.9758871670000033,20230601,0
2023-08-01-14:40:44,2402,-0.81,1.07,10.58,-0.05,0.00,-0.02,23.58,1440.58,0.86,85170,-1.1059568330000000,36.9758863329999983,11404000,0
2023-08-01-14:40:45,2403,-0.80,1.06,10.59,-0.05,0.00,-0.02,23.48,1440.48,-0.00,85177,-1.1059568330000000,36.9758863329999983,11404000,0
2023-08-01-14:40:45,2404,-0.81,1.07,10.59,-0.05,0.00,-0.02,23.77,1440.77,0.00,85177,-1.1059568330000000,36.9758863329999983,20230601,0
2023-08-01-14:40:45,2405,-0.81,1.06,10.60,-0.05,0.00,-0.02,23.48,1440.48,0.01,85181,-1.1059568330000000,36.9758863329999983,20230601,0
2023-08-01-14:40:45,2406,-0.80,1.07,10.59,-0.05,0.00,-0.02,23.48,1440.48,0.00,85178,-1.1059568330000000,36.9758863329999983,20230601,0
2023-08-01-14:40:45,2407,-0.81,1.07,10.59,-0.05,0.00,-0.02,23.48,1440.48,-0.01,85177,-1.1059568330000000,36.9758863329999983,20230601,0
2023-08-01-14:40:46,2408,-0.80,1.07,10.59,-0.05,0.01,-0.02,23.86,1440.86,0.00,85173,-1.1059581670000000,36.9758865000000014,11404100,0
2023-08-01-14:40:46,2409,-0.80,1.07,10.58,-0.05,0.01,-0.02,23.77,1440.77,0.01,85176,-1.1059581670000000,36.9758865000000014,20230601,0
2023-08-01-14:40:46,2410,-0.81,1.08,10.59,-0.05,0.00,-0.02,23.29,1440.29,0.00,85177,-1.1059581670000000,36.9758865000000014,20230601,0
2023-08-01-14:40:46,2411,-0.81,1.07,10.58,-0.05,0.00,-0.02,23.39,1440.39,0.00,85175,-1.1059581670000000,36.9758865000000014,20230601,0
2023-08-01-14:40:46,2412,-0.80,1.07,10.59,-0.05,0.00,-0.02,24.06,1441.06,0.01,85179,-1.1059581670000000,36.9758865000000014,20230601,0
2023-08-01-14:40:46,2413,-1.61,2.15,21.19,-0.05,0.01,-0.02,23.58,1440.58,0.00,85181,-1.1059568330000000,36.9758866669999975,11404200,0
2023-08-01-14:40:47,2414,-0.81,1.07,10.60,-0.05,0.00,-0.02,23.29,1440.29,0.30,85177,-1.1059568330000000,36.9758866669999975,11404200,0
2023-08-01-14:40:47,2415,-0.81,1.07,10.59,-0.05,0.00,-0.02,24.06,1441.06,0.01,85172,-1.1059568330000000,36.9758866669999975,20230601,0
2023-08-01-14:40:47,2416,-0.81,1.07,10.58,-0.05,0.00,-0.02,23.48,1440.48,91.27,85178,-1.1059568330000000,36.9758866669999975,20230601,0
2023-08-01-14:40:47,2417,-0.00,-0.00,-0.00,-0.00,-0.00,-0.00,23.77,1440.77,0.00,85178,-1.1059568330000000,36.9758866669999975,20230601,0
2023-08-01-14:40:47,2418,-0.81,1.07,10.60,-0.05,0.00,-0.02,23.48,1440.48,0.00,85174,-1.1059568330000000,36.9758866669999975,20230601,0
2023-08-01-14:40:48,2419,-0.81,1.07,10.59,-0.05,0.00,-0.02,23.86,1440.86,0.00,85174,-1.1059563330000000,36.9758866669999975,11404300,0
2023-08-01-14:40:48,2420,-0.81,1.07,10.59,-0.05,0.00,-0.02,23.86,1440.86,0.01,85168,-1.1059563330000000,36.9758866669999975,11404300,0
2023-08-01-14:40:48,2421,-0.80,1.07,10.59,-0.05,0.00,-0.02,23.77,1440.77,-0.00,85169,-1.1059563330000000,36.9758866669999975,20230601,0
2023-08-01-14:40:48,2422,-0.80,1.07,10.58,-0.05,0.01,-0.02,23.29,1440.29,-0.01,85176,-1.1059563330000000,36.9758866669999975,20230601,0
2023-08-01-14:40:48,2423,-0.81,1.07,10.59,-0.05,0.01,-0.02,23.48,1440.48,0.00,85178,-1.1059563330000000,36.9758866669999975,20230601,0
2023-08-01-14:40:49,2424,-0.80,1.07,10.61,-0.05,0.00,-0.02,23.29,1440.29,-0.01,85180,-1.1059558329999999,36.9758866669999975,11404400,0
2023-08-01-14:40:49,2425,-1.61,2.15,21.17,-0.05,0.00,-0.02,23.77,1440.77,-0.00,85174,-1.1059558329999999,36.9758866669999975,11404400,0
2023-08-01-14:40:49,2426,-0.81,1.06,10.60,-0.05,0.01,-0.02,23.86,1440.86,-0.00,85174,-1.1059558329999999,36.9758866669999975,20230601,0
2023-08-01-14:40:49,2427,-0.80,1.07,10.59,-0.05,0.00,-0.02,23.77,1440.77,-0.00,85173,-1.1059558329999999,36.9758866669999975,20230601,0
2023-08-01-14:40:49,2428,-0.81,1.06,10.58,-0.05,0.00,-0.02,24.06,1441.06,0.00,85175,-1.1059558329999999,36.9758866669999975,20230601,0
2023-08-01-14:40:49,2429,-0.80,1.07,10.58,-0.05,0.00,-0.02,23.77,1440.77,91.29,85174,-1.1059565000000000,36.9758866669999975,11404500,0
2023-08-01-14:40:50,2430,-0.81,1.08,10.59,-0.05,0.01,-0.02,23.96,1440.96,0.87,85176,-1.1059565000000000,36.9758866669999975,11404500,0
2023-08-01-14:40:50,2431,-0.81,1.07,10.59,-0.05,0.01,-0.02,24.44,1441.44,0.00,85179,-1.1059565000000000,36.9758866669999975,20230601,0
2023-08-01-14:40:50,2432,-0.80,1.08,10.60,-0.05,0.00,-0.02,24.25,1441.25,0.01,85173,-1.1059565000000000,36.9758866669999975,20230601,0
2023-08-01-14:40:50,2433,-0.81,1.06,10.59,-0.05,0.00,-0.02,24.15,1441.15,0.00,85170,-1.1059565000000000,36.9758866669999975,20230601,0
2023-08-01-14:40:50,2434,-0.80,1.06,10.59,-0.05,0.01,-0.02,23.39,1440.39,-0.01,85172,-1.1059565000000000,36.9758866669999975,20230601,0
2023-08-01-14:40:51,2435,-0.81,1.08,10.61,-0.05,0.00,-0.02,23.00,1440.00,-0.00,85172,-1.1059570000000001,36.9758866669999975,11404600,0
2023-08-01-14:40:51,2436,-0.81,1.07,10.58,-0.05,0.00,-0.02,-36.23,1380.77,-0.49,85179,-1.1059570000000001,36.9758866669999975,20230601,0
2023-08-01-14:40:51,2437,-0.81,1.07,10.59,-0.05,0.00,-0.02,24.44,1441.44,0.01,85171,-1.1059570000000001,36.9758866669999975,20230601,0
2023-08-01-14:40:51,2438,-0.81,1.07,10.60,-0.05,0.00,-0.02,23.96,1440.96,-0.01,85172,-1.1059570000000001,36.9758866669999975,20230601,0
2023-08-01-14:40:51,2439,-0.81,1.08,10.59,-0.05,0.00,-0.02,24.54,1441.54,0.00,85175,-1.1059570000000001,36.9758866669999975,20230601,0
2023-08-01-14:40:51,2440,-0.81,1.08,10.59,-0.05,0.01,-0.02,24.34,1441.34,0.00,85165,-1.1059573330000001,36.9758863329999983,11404700,0
2023-08-01-14:40:52,2441,-1.60,2.15,21.17,-0.05,0.00,-0.02,24.54,1441.54,0.01,85171,-1.1059573330000001,36.9758863329999983,11404700,0
2023-08-01-14:40:52,2442,-0.81,1.07,10.59,-0.05,0.00,-0.02,24.25,1441.25,-0.00,85169,-1.1059573330000001,36.9758863329999983,20230601,0
2023-08-01-14:40:52,2443,-0.81,1.07,10.59,-0.05,0.00,-0.02,23.86,1440.86,-0.01,85164,-1.1059573330000001,36.9758863329999983,20230601,0
2023-08-01-14:40:52,2444,-0.81,1.07,10.59,-0.05,0.01,-0.02,24.54,1441.54,0.00,85167,-1.1059573330000001,36.9758863329999983,20230601,0
2023-08-01-14:40:52,2445,-0.81,1.08,10.58,-0.05,0.00,-0.02,24.63,1441.63,0.00,85166,-1.1059573330000001,36.9758863329999983,20230601,0
2023-08-01-14:40:52,2446,-0.81,1.06,10.57,-0.05,0.00,-0.02,24.25,1441.25,0.00,85172,-1.1059573330000001,36.9758863329999983,11404800,0
2023-08-01-14:40:53,2447,-0.81,1.06,10.60,-0.19,0.02,-0.09,23.86,1440.86,-0.01,85167,-1.1059573330000001,36.9758863329999983,20230601,0
2023-08-01-14:40:53,2448,-0.81,1.07,10.58,-0.05,0.00,-0.02,23.86,1440.86,-0.00,85170,-1.1059573330000001,36.9758863329999983,20230601,0
2023-08-01-14:40:53,2449,-0.81,1.07,10.60,-0.05,0.01,-0.02,24.34,1441.34,0.01,85170,-1.1059573330000001,36.9758863329999983,20230601,0
2023-08-01-14:40:53,2450,-0.81,1.07,10.58,-0.05,0.00,-0.02,-3211.05,-1794.05,-21.15,85171,-1.1059573330000001,36.9758863329999983,20230601,0
2023-08-01-14:40:53,2451,-0.80,1.07,10.60,-0.05,0.01,-0.02,24.06,1441.06,-0.01,85174,-1.1059570000000001,36.9758863329999983,11404900,0
2023-08-01-14:40:54,2452,-0.80,1.07,10.59,-0.05,0.01,-0.02,23.86,1440.86,0.00,85172,-1.1059570000000001,36.9758863329999983,20230601,0
2023-08-01-14:40:54,2453,-0.81,1.07,10.60,-0.05,0.01,-0.02,23.19,1440.19,-0.01,85178,-1.1059570000000001,36.9758863329999983,20230601,0
2023-08-01-14:40:54,2454,-0.81,1.07,10.59,-0.05,0.00,-0.02,23.96,1440.96,0.00,85182,-1.1059570000000001,36.9758863329999983,20230601,0
2023-08-01-14:40:54,2455,-0.81,1.07,10.59,-0.05,0.00,-0.02,23.96,1440.96,91.34,85171,-1.1059570000000001,36.9758863329999983,20230601,0
2023-08-01-14:40:54,2456,-0.00,-0.00,-0.00,-0.00,-0.00,-0.00,24.34,1441.34,0.01,85176,-1.1059571669999999,36.9758863329999983,11405000,0
2023-08-01-14:40:55,2457,-0.81,1.07,10.59,-0.05,0.00,-0.02,23.96,1440.96,0.00,85173,-1.1059571669999999,36.9758863329999983,11405000,0
2023-08-01-14:40:55,2458,-0.81,1.07,10.59,-0.05,0.01,-0.02,24.44,1441.44,0.01,85174,-1.1059571669999999,36.9758863329999983,20230601,0
2023-08-01-14:40:55,2459,-0.80,1.08,10.60,-0.05,0.01,-0.02,24.06,1441.06,0.00,85169,-1.1059571669999999,36.9758863329999983,20230601,0
2023-08-01-14:40:55,2460,-0.80,1.07,10.59,-0.05,0.00,-0.02,23.77,1440.77,0.00,85167,-1.1059571669999999,36.9758863329999983,20230601,0
2023-08-01-14:40:55,2461,-0.00,-0.00,-0.00,-0.00,-0.00,-0.00,24.06,1441.06,0.01,85174,-1.1059571669999999,36.9758863329999983,20230601,0
2023-08-01-14:40:55,2462,-0.81,1.06,10.59,-0.05,0.00,-0.02,23.58,1440.58,-0.01,85172,-1.1059574999999999,36.9758866669999975,11405100,0
2023-08-01-14:40:56,2463,-0.81,1.07,10.60,-0.05,0.00,-0.02,23.67,1440.67,-0.00,85174,-1.1059574999999999,36.9758866669999975,11405100,0
2023-08-01-14:40:56,2464,-0.80,1.07,10.59,-0.05,0.01,-0.02,24.25,1441.25,92.74,85175,-1.1059574999999999,36.9758866669999975,20230601,0
2023-08-01-14:40:56,2465,-0.80,1.07,10.59,-0.05,0.00,-0.02,23.77,1440.77,-0.01,85175,-1.1059574999999999,36.9758866669999975,20230601,0
2023-08-01-14:40:56,2466,-0.80,1.07,10.60,-0.05,0.00,-0.02,23.96,1440.96,0.93,85170,-1.1059574999999999,36.9758866669999975,20230601,0
2023-08-01-14:41:02,2467,-0.80,1.08,10.59,-0.05,0.00,-0.02,24.44,1441.44,0.00,85164,-1.1059574999999999,36.9758866669999975,20230601,0
2023-08-01-14:41:02,2468,-0.81,1.06,10.59,-0.05,0.00,-0.02,24.06,1441.06,0.00,85175,-1.1059576670000000,36.9758870000000002,11405200,0
2023-08-01-14:41:02,2469,-0.80,1.07,10.60,-0.05,0.00,-0.02,23.58,1440.58,-0.01,85177,-1.1059576670000000,36.9758870000000002,20230601,0
2023-08-01-14:41:02,2470,-0.81,1.07,10.59,-0.05,0.00,-0.02,23.48,1440.48,-0.01,85171,-1.1059576670000000,36.9758870000000002,20230601,0
2023-08-01-14:41:02,2471,-1.62,2.15,21.16,-0.05,0.00,-0.02,24.06,1441.06,0.93,85175,-1.1059576670000000,36.9758870000000002,20230601,0
2023-08-01-14:41:02,2472,-0.82,1.07,10.58,-0.05,0.00,-0.02,24.63,1441.63,0.01,85173,-1.1059576670000000,36.9758870000000002,20230601,0
2023-08-01-14:41:02,2473,-0.81,1.07,10.60,-0.05,0.00,-0.02,23.86,1440.86,-0.00,85168,-1.1059573330000001,36.9758868329999970,11405300,0
2023-08-01-14:41:02,2474,-0.80,1.07,10.59,-0.05,0.00,-0.02,24.54,1441.54,-0.00,85168,-1.1059573330000001,36.9758868329999970,11405300,0
2023-08-01-14:41:02,2475,-0.81,1.07,10.58,-0.05,0.00,-0.02,24.34,1441.34,0.00,85169,-1.1059573330000001,36.9758868329999970,20230601,0
2023-08-01-14:41:02,2476,-0.80,1.07,10.59,-0.05,0.00,-0.02,23.96,1440.96,0.00,85175,-1.1059573330000001,36.9758868329999970,20230601,0
2023-08-01-14:41:02,2477,-1.61,2.14,21.17,-0.05,0.00,-0.02,24.15,1441.15,0.00,85179,-1.1059573330000001,36.9758868329999970,20230601,0
2023-08-01-14:41:02,2478,-0.81,1.07,10.58,-0.05,0.00,-0.02,23.77,1440.77,0.00,85179,-1.1059573330000001,36.9758868329999970,20230601,0
2023-08-01-14:41:02,2479,-0.80,1.07,10.58,-0.05,0.00,-0.02,23.58,1440.58,-0.00,85171,-1.1059571669999999,36.9758866669999975,11405400,0
2023-08-01-14:41:02,2480,-0.80,1.08,10.58,-0.05,0.00,-0.02,24.06,1441.06,0.00,85177,-1.1059571669999999,36.9758866669999975,20230601,0
2023-08-01-14:41:02,2481,-0.81,1.07,10.59,-0.05,0.00,-0.02,23.86,1440.86,-0.00,85176,-1.1059571669999999,36.9758866669999975,20230601,0
2023-08-01-14:41:02,2482,-1.60,2.14,21.15,-0.05,0.01,-0.02,23.19,1440.19,-0.00,85177,-1.1059571669999999,36.9758866669999975,20230601,0
2023-08-01-14:41:02,2483,-0.80,1.08,10.58,-0.05,0.00,-0.02,24.44,1441.44,0.00,85178,-1.1059571669999999,36.9758866669999975,20230601,0
2023-08-01-14:41:02,2484,-0.81,1.07,10.57,-0.05,0.00,-0.02,24.06,1441.06,0.92,85177,-1.1059570000000001,36.9758868329999970,11405500,0
2023-08-01-14:41:02,2485,-0.80,1.06,10.58,-0.05,0.01,-0.02,23.77,1440.77,91.31,85171,-1.1059570000000001,36.9758868329999970,11405500,0
2023-08-01-14:41:02,2486,-0.81,1.08,10.59,-0.05,0.00,-0.02,23.58,1440.58,-0.01,85169,-1.1059570000000001,36.9758868329999970,20230601,0
2023-08-01-14:41:02,2487,-0.82,1.07,10.58,-0.05,0.00,-0.02,24.15,1441.15,0.00,85175,-1.1059570000000001,36.9758868329999970,20230601,0
2023-08-01-14:41:02,2488,-0.80,1.07,10.59,-0.05,0.00,-0.02,24.06,1441.06,-0.01,85167,-1.1059570000000001,36.9758868329999970,20230601,0
2023-08-01-14:41:02,2489,-0.80,1.07,10.60,-0.05,0.01,-0.02,23.86,1440.86,0.00,85178,-1.1059570000000001,36.9758868329999970,20230601,0
2023-08-01-14:41:02,2490,-0.81,1.07,10.59,-0.05,0.00,-0.02,24.06,1441.06,0.00,85173,-1.1059568330000000,36.9758868329999970,11405600,0
2023-08-01-14:41:03,2491,-0.80,1.08,10.59,-0.05,0.00,-0.02,24.15,1441.15,0.01,85171,-1.1059568330000000,36.9758868329999970,11405600,0
2023-08-01-14:41:03,2492,-0.81,1.08,10.58,-0.05,0.00,-0.02,23.67,1440.67,-0.01,85174,-1.1059568330000000,36.9758868329999970,20230601,0
2023-08-01-14:41:03,2493,-0.80,1.07,10.58,-0.05,0.01,-0.02,23.67,1440.67,0.00,85182,-1.1059568330000000,36.9758868329999970,20230601,0
2023-08-01-14:41:03,2494,-0.81,1.07,10.58,-0.05,0.01,-0.02,23.67,1440.67,0.00,85181,-1.1059568330000000,36.9758868329999970,20230601,0
2023-08-01-14:41:03,2495,-1.59,2.15,21.14,-0.05,0.00,-0.02,23.77,1440.77,-0.00,85176,-1.1059568330000000,36.9758868329999970,20230601,0
2023-08-01-14:41:03,2496,-0.81,1.07,10.59,-0.05,0.01,-0.02,23.58,1440.58,-0.00,85180,-1.1059571669999999,36.9758866669999975,11405700,0
2023-08-01-14:41:03,2497,-0.80,1.07,10.60,-0.05,0.00,-0.02,22.71,1439.71,-0.01,85184,-1.1059571669999999,36.9758866669999975,11405700,0
2023-08-01-14:41:03,2498,-0.81,1.07,10.59,-0.05,0.00,-0.02,23.10,1440.10,-0.00,85176,-1.1059571669999999,36.9758866669999975,20230601,0
2023-08-01-14:41:04,2499,-0.80,1.07,10.58,-0.05,0.00,-0.02,24.73,1441.73,0.01,85175,-1.1059571669999999,36.9758866669999975,20230601,0
2023-08-01-14:41:04,2500,-0.81,1.07,10.59,-0.05,0.00,-0.02,23.96,1440.96,-0.00,85173,-1.1059571669999999,36.9758866669999975,20230601,0
2023-08-01-14:41:04,2501,-0.80,1.07,10.58,-0.05,0.00,-0.02,23.58,1440.58,0.00,85176,-1.1059571669999999,36.9758866669999975,20230601,0
2023-08-01-14:41:04,2502,-0.80,1.08,10.58,-0.05,0.00,-0.02,23.67,1440.67,-0.00,85175,-1.1059571669999999,36.9758868329999970,11405800,0
2023-08-01-14:41:04,2503,-0.80,1.07,10.59,-0.05,0.00,-0.02,23.67,1440.67,0.01,85175,-1.1059571669999999,36.9758868329999970,20230601,0
2023-08-01-14:41:04,2504,-0.81,1.07,10.60,-0.05,0.00,-0.02,24.06,1441.06,0.00,85169,-1.1059571669999999,36.9758868329999970,20230601,0
2023-08-01-14:41:04,2505,-0.80,1.07,10.58,-0.05,0.01,-0.02,23.48,1440.48,-0.01,85183,-1.1059571669999999,36.9758868329999970,20230601,0
2023-08-01-14:41:05,2506,-0.81,1.07,10.58,-0.05,0.00,-0.02,23.96,1440.96,0.01,85175,-1.1059571669999999,36.9758868329999970,20230601,0
2023-08-01-14:41:05,2507,-0.82,1.08,10.59,-0.05,0.00,-0.02,23.77,1440.77,49.82,85174,-1.1059571669999999,36.9758868329999970,20230601,0
2023-08-01-14:41:05,2508,-0.81,1.07,10.58,-0.05,0.00,-0.02,23.96,1440.96,-0.00,85173,-1.1059570000000001,36.9758871670000033,11405900,0
2023-08-01-14:41:05,2509,-0.81,1.07,10.58,-0.05,0.00,-0.02,23.58,1440.58,0.00,85178,-1.1059570000000001,36.9758871670000033,11405900,0
2023-08-01-14:41:05,2510,-0.79,1.07,10.59,-0.05,0.01,-0.02,23.96,1440.96,0.00,85169,-1.1059570000000001,36.9758871670000033,20230601,0
2023-08-01-14:41:06,2511,-0.80,1.07,10.61,-0.05,0.01,-0.02,23.48,1440.48,92.66,85172,-1.1059570000000001,36.9758871670000033,20230601,0
2023-08-01-14:41:06,2512,-0.80,1.07,10.59,-0.05,0.00,-0.02,23.29,1440.29,0.00,85183,-1.1059570000000001,36.9758871670000033,20230601,0
2023-08-01-14:41:06,2513,-0.81,1.07,10.59,-0.05,0.00,-0.02,-5998.92,-4581.92,-44.28,85178,-1.1059570000000001,36.9758871670000033,20230601,0
2023-08-01-14:41:06,2514,-0.00,-0.00,-0.00,-0.00,-0.00,-0.00,23.48,1440.48,92.64,85179,-1.1059570000000001,36.9758873330000029,11410000,0
2023-08-01-14:41:06,2515,-0.81,1.06,10.59,-0.05,0.00,-0.02,23.67,1440.67,0.00,85175,-1.1059570000000001,36.9758873330000029,11410000,0
2023-08-01-14:41:06,2516,-0.80,1.07,10.58,-0.05,0.00,-0.02,23.48,1440.48,-0.01,85178,-1.1059570000000001,36.9758873330000029,20230601,0
2023-08-01-14:41:07,2517,-0.81,1.07,10.59,-0.05,0.01,-0.02,23.67,1440.67,0.00,85176,-1.1059570000000001,36.9758873330000029,20230601,0
2023-08-01-14:41:07,2518,-0.80,1.07,10.58,-0.05,0.00,-0.02,24.06,1441.06,0.01,85181,-1.1059570000000001,36.9758873330000029,20230601,0
2023-08-01-14:41:07,2519,-0.80,1.07,10.58,-0.05,0.00,-0.02,23.58,1440.58,0.00,85176,-1.1059570000000001,36.9758878330000016,11410300,0
2023-08-01-14:41:07,2520,-0.00,-0.00,-0.00,-0.00,-0.00,-0.00,23.48,1440.48,0.00,85179,-1.1059570000000001,36.9758878330000016,11410300,0
2023-08-01-14:41:07,2521,-0.81,1.07,10.59,-0.05,0.01,-0.02,23.96,1440.96,0.00,85176,-1.1059570000000001,36.9758878330000016,20230601,0
2023-08-01-14:41:08,2522,-0.81,1.07,10.58,-0.05,0.00,-0.02,22.91,1439.91,-0.01,85741,-1.1059570000000001,36.9758878330000016,20230601,0
2023-08-01-14:41:08,2523,-0.81,1.07,10.59,-0.05,0.00,-0.02,23.67,1440.67,0.82,85182,-1.1059570000000001,36.9758878330000016,20230601,0
2023-08-01-14:41:08,2524,-0.81,1.07,10.59,-0.05,0.00,-0.02,23.86,1440.86,0.00,85179,-1.1059570000000001,36.9758878330000016,20230601,0
2023-08-01-14:41:08,2525,-0.80,1.07,10.59,-0.05,0.00,-0.02,23.19,1440.19,-0.00,85180,-1.1059570000000001,36.9758878330000016,20230601,0
2023-08-01-14:41:08,2526,-0.81,1.08,10.57,-0.05,0.00,-0.02,24.25,1441.25,0.01,85174,-1.1059570000000001,36.9758878330000016,20230601,0
2023-08-01-14:41:08,2527,-0.80,1.06,10.58,-0.05,0.01,-0.02,23.67,1440.67,-0.01,85174,-1.1059571669999999,36.9758881670000008,11410400,0
2023-08-01-14:41:09,2528,-0.80,1.07,10.58,-0.05,0.01,-0.02,23.19,1440.19,0.00,85185,-1.1059571669999999,36.9758881670000008,20230601,0
2023-08-01-14:41:09,2529,-0.81,1.06,10.58,-0.05,0.01,-0.02,23.67,1440.67,0.85,85177,-1.1059571669999999,36.9758881670000008,20230601,0
2023-08-01-14:41:09,2530,-0.81,1.07,10.58,-0.05,0.00,-0.02,23.29,1440.29,-0.00,85178,-1.1059571669999999,36.9758881670000008,20230601,0
2023-08-01-14:41:09,2531,-0.81,1.07,10.59,-0.05,0.01,-0.02,-5999.57,-4582.57,-45.97,85179,-1.1059571669999999,36.9758881670000008,20230601,0
2023-08-01-14:41:09,2532,-0.81,1.07,10.60,-0.05,0.00,-0.02,23.67,1440.67,0.01,85174,-1.1059570000000001,36.9758885000000035,11410500,0
2023-08-01-14:41:09,2533,-0.80,1.07,10.59,-0.19,0.02,-0.09,23.39,1440.39,0.00,85181,-1.1059570000000001,36.9758885000000035,11410500,0
2023-08-01-14:41:10,2534,-0.80,1.06,10.58,-0.19,0.02,-0.09,23.00,1440.00,91.26,85179,-1.1059570000000001,36.9758885000000035,20230601,0
2023-08-01-14:41:10,2535,-0.81,1.07,10.61,-0.05,0.00,-0.02,23.77,1440.77,0.00,85177,-1.1059570000000001,36.9758885000000035,20230601,0
2023-08-01-14:41:10,2536,-0.81,1.07,10.60,-0.05,0.00,-0.02,23.19,1440.19,-0.00,85178,-1.1059570000000001,36.9758885000000035,20230601,0
2023-08-01-14:41:10,2537,-0.80,1.07,10.59,-0.05,0.01,-0.02,23.39,1440.39,-0.00,85181,-1.1059570000000001,36.9758885000000035,20230601,0
2023-08-01-14:41:10,2538,-0.81,1.08,10.59,-0.05,0.00,-0.02,23.77,1440.77,0.01,85183,-1.1059561670000000,36.9758883330000003,11410600,0
2023-08-01-14:41:11,2539,-0.81,1.08,10.61,-0.05,0.00,-0.02,23.29,1440.29,-0.01,85183,-1.1059561670000000,36.9758883330000003,20230601,0
2023-08-01-14:41:11,2540,-0.81,1.08,10.61,-0.19,0.02,-0.09,23.19,1440.19,0.87,85177,-1.1059561670000000,36.9758883330000003,20230601,0
2023-08-01-14:41:11,2541,-0.81,1.07,10.60,-0.05,0.01,-0.02,23.77,1440.77,0.00,85185,-1.1059561670000000,36.9758883330000003,20230601,0
2023-08-01-14:41:11,2542,-0.80,1.07,10.58,-0.05,0.00,-0.02,23.39,1440.39,0.00,85178,-1.1059561670000000,36.9758883330000003,20230601,0
2023-08-01-14:41:11,2543,-0.81,1.07,10.58,-0.05,0.00,-0.02,23.96,1440.96,0.00,85178,-1.1059563330000000,36.9758883330000003,11410700,0
2023-08-01-14:41:12,2544,-0.80,1.07,10.59,-0.05,0.00,-0.02,24.06,1441.06,0.01,85168,-1.1059563330000000,36.9758883330000003,11410700,0
2023-08-01-14:41:12,2545,-0.81,1.07,10.59,-0.05,0.00,-0.02,3.47,1420.47,-0.14,85173,-1.1059563330000000,36.9758883330000003,20230601,0
2023-08-01-14:41:12,2546,-0.81,1.07,10.61,-0.05,0.00,-0.02,23.48,1440.48,0.01,85179,-1.1059563330000000,36.9758883330000003,20230601,0
2023-08-01-14:41:12,2547,-0.80,1.07,10.59,-0.05,0.01,-0.02,23.19,1440.19,-0.00,85181,-1.1059563330000000,36.9758883330000003,20230601,0
2023-08-01-14:41:12,2548,-0.81,1.08,10.59,-0.05,0.00,-0.02,23.58,1440.58,0.32,85180,-1.1059563330000000,36.9758883330000003,20230601,0
2023-08-01-14:41:12,2549,-0.81,1.07,10.61,-0.05,0.01,-0.02,23.29,1440.29,0.00,85178,-1.1059565000000000,36.9758881670000008,11410800,0
2023-08-01-14:41:12,2550,-0.81,1.07,10.60,-0.05,0.01,-0.02,23.67,1440.67,0.00,85178,-1.1059565000000000,36.9758881670000008,11410800,0
2023-08-01-14:41:13,2551,-0.80,1.07,10.59,-0.19,0.02,-0.09,23.96,1440.96,0.00,85172,-1.1059565000000000,36.9758881670000008,20230601,0
2023-08-01-14:41:13,2552,-0.80,1.07,10.59,-0.05,0.00,-0.02,24.06,1441.06,-0.01,85171,-1.1059565000000000,36.9758881670000008,20230601,0
2023-08-01-14:41:13,2553,-0.81,1.07,10.59,-0.05,0.00,-0.02,23.67,1440.67,-0.00,85172,-1.1059565000000000,36.9758881670000008,20230601,0
2023-08-01-14:41:13,2554,-0.80,1.07,10.57,-0.05,0.00,-0.02,23.67,1440.67,0.00,85172,-1.1059565000000000,36.9758881670000008,20230601,0
2023-08-01-14:41:13,2555,-0.80,1.07,10.59,-0.05,0.00,-0.02,23.96,1440.96,0.01,85176,-1.1059559999999999,36.9758876670000021,11410900,0
2023-08-01-14:41:14,2556,-0.81,1.07,10.58,-0.19,0.02,-0.09,23.67,1440.67,0.79,85177,-1.1059559999999999,36.9758876670000021,20230601,0
2023-08-01-14:41:14,2557,-0.81,1.07,10.56,-0.05,0.00,-0.02,24.06,1441.06,0.84,85170,-1.1059559999999999,36.9758876670000021,20230601,0
2023-08-01-14:41:14,2558,-0.80,1.06,10.60,-0.05,0.00,-0.02,-5998.26,-4581.26,-44.28,85176,-1.1059559999999999,36.9758876670000021,20230601,0
2023-08-01-14:41:14,2559,-1.62,2.14,21.12,-0.05,0.00,-0.02,24.15,1441.15,0.00,85173,-1.1059559999999999,36.9758876670000021,20230601,0
2023-08-01-14:41:14,2560,-0.79,1.07,10.58,-0.05,0.00,-0.02,23.58,1440.58,-0.00,85173,-1.1059556669999999,36.9758874999999989,11411000,0
2023-08-01-14:41:14,2561,-0.80,1.08,10.58,-0.05,0.00,-0.02,24.15,1441.15,0.00,85172,-1.1059556669999999,36.9758874999999989,11411000,0
2023-08-01-14:41:15,2562,-0.81,1.07,10.58,-0.05,0.00,-0.02,23.96,1440.96,0.00,85169,-1.1059556669999999,36.9758874999999989,20230601,0
2023-08-01-14:41:15,2563,-0.81,1.07,10.59,-0.05,0.00,-0.02,2.42,1419.42,-0.14,85168,-1.1059556669999999,36.9758874999999989,20230601,0
2023-08-01-14:41:15,2564,-0.81,1.07,10.59,-0.05,0.00,-0.02,23.86,1440.86,0.00,85169,-1.1059556669999999,36.9758874999999989,20230601,0
2023-08-01-14:41:15,2565,-0.80,1.07,10.59,-0.05,0.00,-0.02,24.44,1441.44,0.00,85172,-1.1059556669999999,36.9758874999999989,20230601,0
2023-08-01-14:41:15,2566,-0.81,1.07,10.59,-0.05,0.01,-0.02,24.06,1441.06,0.01,85170,-1.1059555000000001,36.9758876670000021,11411100,0
2023-08-01-14:41:16,2567,-0.82,1.07,10.58,-0.19,0.02,-0.09,23.77,1440.77,0.00,85174,-1.1059555000000001,36.9758876670000021,20230601,0
2023-08-01-14:41:16,2568,-1.60,2.14,21.20,-0.05,0.01,-0.02,23.19,1440.19,-0.00,85175,-1.1059555000000001,36.9758876670000021,20230601,0
2023-08-01-14:41:16,2569,-0.81,1.07,10.59,-0.05,0.01,-0.02,23.48,1440.48,0.00,85178,-1.1059555000000001,36.9758876670000021,20230601,0
2023-08-01-14:41:16,2570,-0.81,1.07,10.60,-0.05,0.01,-0.02,23.39,1440.39,0.00,85178,-1.1059555000000001,36.9758876670000021,20230601,0
2023-08-01-14:41:16,2571,-0.80,1.07,10.57,-0.05,0.01,-0.02,23.48,1440.48,-0.01,85173,-1.1059563330000000,36.9758878330000016,11411200,0
2023-08-01-14:41:16,2572,-0.80,1.07,10.60,-0.05,0.00,-0.02,23.77,1440.77,0.00,85172,-1.1059563330000000,36.9758878330000016,11411200,0
2023-08-01-14:41:17,2573,-0.81,1.07,10.59,-0.05,0.00,-0.02,23.96,1440.96,0.01,85178,-1.1059563330000000,36.9758878330000016,20230601,0
2023-08-01-14:41:17,2574,-0.80,1.07,10.59,-0.19,0.02,-0.09,23.48,1440.48,0.00,85178,-1.1059563330000000,36.9758878330000016,20230601,0
2023-08-01-14:41:17,2575,-0.80,1.07,10.59,-0.05,0.00,-0.02,23.39,1440.39,0.00,85182,-1.1059563330000000,36.9758878330000016,20230601,0
2023-08-01-14:41:17,2576,-0.81,1.07,10.59,-0.05,0.00,-0.02,23.48,1440.48,88.56,85177,-1.1059563330000000,36.9758878330000016,20230601,0
2023-08-01-14:41:17,2577,-0.81,1.06,10.59,-0.05,0.00,-0.02,23.48,1440.48,-0.00,85178,-1.1059568330000000,36.9758876670000021,11411300,0
2023-08-01-14:41:18,2578,-0.81,1.08,10.61,-0.05,0.00,-0.02,23.48,1440.48,-0.00,85179,-1.1059568330000000,36.9758876670000021,11411300,0
2023-08-01-14:41:18,2579,-0.82,1.07,10.58,-0.05,0.00,-0.02,23.48,1440.48,0.00,85178,-1.1059568330000000,36.9758876670000021,20230601,0
2023-08-01-14:41:18,2580,-0.82,1.07,10.59,-0.05,0.00,-0.02,22.81,1439.81,0.82,85177,-1.1059568330000000,36.9758876670000021,20230601,0
2023-08-01-14:41:18,2581,-0.81,1.07,10.59,-0.05,0.00,-0.02,23.48,1440.48,0.00,85180,-1.1059568330000000,36.9758876670000021,20230601,0
2023-08-01-14:41:18,2582,-0.81,1.07,10.59,-0.05,0.00,-0.02,24.54,1441.54,0.01,85171,-1.1059568330000000,36.9758876670000021,20230601,0
2023-08-01-14:41:18,2583,-0.81,1.07,10.58,-0.05,0.01,-0.02,23.96,1440.96,-0.00,85168,-1.1059571669999999,36.9758874999999989,11411400,0
2023-08-01-14:41:19,2584,-0.81,1.08,10.57,-0.05,0.00,-0.02,24.63,1441.63,0.01,85170,-1.1059571669999999,36.9758874999999989,20230601,0
2023-08-01-14:41:19,2585,-0.81,1.07,10.60,-0.05,0.01,-0.02,23.86,1440.86,0.00,85175,-1.1059571669999999,36.9758874999999989,20230601,0
2023-08-01-14:41:19,2586,-0.81,1.07,10.58,-0.05,0.00,-0.02,23.29,1440.29,-0.00,85167,-1.1059571669999999,36.9758874999999989,20230601,0
2023-08-01-14:41:19,2587,-0.80,1.07,10.59,-0.05,0.00,-0.02,24.25,1441.25,-0.00,85173,-1.1059571669999999,36.9758874999999989,20230601,0
2023-08-01-14:41:19,2588,-0.81,1.07,10.58,-0.05,0.00,-0.02,23.67,1440.67,0.82,85175,-1.1059571669999999,36.9758874999999989,11411500,0
2023-08-01-14:41:19,2589,-0.80,1.06,10.58,-0.05,0.00,-0.02,24.06,1441.06,-0.00,85171,-1.1059571669999999,36.9758874999999989,11411500,0
2023-08-01-14:41:20,2590,-0.80,1.07,10.59,-0.05,0.00,-0.02,24.34,1441.34,0.00,85175,-1.1059571669999999,36.9758874999999989,20230601,0
2023-08-01-14:41:20,2591,-1.63,2.14,21.19,-0.05,0.00,-0.02,24.92,1441.92,0.01,85175,-1.1059571669999999,36.9758874999999989,20230601,0
2023-08-01-14:41:20,2592,-0.81,1.07,10.58,-0.05,0.00,-0.02,23.96,1440.96,0.80,85173,-1.1059571669999999,36.9758874999999989,20230601,0
2023-08-01-14:41:20,2593,-0.81,1.07,10.58,-0.05,0.00,-0.02,24.15,1441.15,89.85,85169,-1.1059571669999999,36.9758874999999989,20230601,0
2023-08-01-14:41:20,2594,-0.81,1.07,10.59,-0.05,0.00,-0.02,24.34,1441.34,0.81,85171,-1.1059574999999999,36.9758878330000016,11411600,0
2023-08-01-14:41:21,2595,-0.81,1.07,10.59,-0.05,0.00,-0.02,23.86,1440.86,0.00,85177,-1.1059574999999999,36.9758878330000016,11411600,0
2023-08-01-14:41:21,2596,-0.80,1.06,10.58,-0.05,0.00,-0.02,23.96,1440.96,0.00,85171,-1.1059574999999999,36.9758878330000016,20230601,0
2023-08-01-14:41:21,2597,-0.81,1.07,10.58,-0.05,0.00,-0.02,23.48,1440.48,-0.01,85177,-1.1059574999999999,36.9758878330000016,20230601,0
2023-08-01-14:41:21,2598,-0.81,1.08,10.59,-0.05,0.00,-0.02,23.96,1440.96,0.00,85176,-1.1059574999999999,36.9758878330000016,20230601,0
2023-08-01-14:41:21,2599,-0.00,-0.00,-0.00,-0.00,-0.00,-0.00,24.15,1441.15,0.01,85175,-1.1059574999999999,36.9758878330000016,20230601,0
2023-08-01-14:41:21,2600,-0.81,1.07,10.58,-0.05,0.01,-0.02,23.67,1440.67,-0.01,85171,-1.1059576670000000,36.9758878330000016,11411700,0
2023-08-01-14:41:22,2601,-0.80,1.08,10.58,-0.05,0.01,-0.02,24.63,1441.63,-0.00,85170,-1.1059576670000000,36.9758878330000016,20230601,0
2023-08-01-14:41:22,2602,-0.80,1.07,10.58,-0.05,0.00,-0.02,23.67,1440.67,-0.01,85170,-1.1059576670000000,36.9758878330000016,20230601,0
2023-08-01-14:41:22,2603,-0.80,1.07,10.59,-0.19,0.02,-0.09,24.44,1441.44,0.00,85168,-1.1059576670000000,36.9758878330000016,20230601,0
2023-08-01-14:41:22,2604,-0.80,1.08,10.59,-0.05,0.01,-0.02,24.06,1441.06,0.00,85172,-1.1059576670000000,36.9758878330000016,20230601,0
2023-08-01-14:41:22,2605,-0.82,1.07,10.58,-0.19,0.02,-0.09,23.29,1440.29,-0.01,85180,-1.1059576670000000,36.9758879999999976,11411800,0
2023-08-01-14:41:23,2606,-0.81,1.06,10.56,-0.05,0.00,-0.02,24.25,1441.25,0.01,85175,-1.1059576670000000,36.9758879999999976,11411800,0
2023-08-01-14:41:23,2607,-0.80,1.07,10.58,-0.05,0.00,-0.02,23.58,1440.58,-0.00,85178,-1.1059576670000000,36.9758879999999976,20230601,0
2023-08-01-14:41:23,2608,-0.80,1.07,10.58,-0.05,0.00,-0.02,24.25,1441.25,0.01,85174,-1.1059576670000000,36.9758879999999976,20230601,0
2023-08-01-14:41:23,2609,-0.00,-0.00,-0.00,-0.00,-0.00,-0.00,24.34,1441.34,0.00,85171,-1.1059576670000000,36.9758879999999976,20230601,0
2023-08-01-14:41:23,2610,-0.81,1.07,10.59,-0.05,0.00,-0.02,24.15,1441.15,91.14,85175,-1.1059576670000000,36.9758879999999976,20230601,0
2023-08-01-14:41:23,2611,-0.81,1.07,10.58,-0.05,0.00,-0.02,24.54,1441.54,0.75,85170,-1.1059565000000000,36.9758874999999989,11411900,0
2023-08-01-14:41:25,2612,-0.79,1.06,10.58,-0.05,0.00,-0.02,24.34,1441.34,91.15,85173,-1.1059565000000000,36.9758874999999989,20230601,0
2023-08-01-14:41:25,2613,-0.81,1.07,10.59,-0.05,0.01,-0.02,23.39,1440.39,-0.01,85171,-1.1059565000000000,36.9758874999999989,20230601,0
2023-08-01-14:41:25,2614,-0.81,1.07,10.58,-0.05,0.01,-0.02,23.58,1440.58,-0.01,85170,-1.1059565000000000,36.9758874999999989,20230601,0
2023-08-01-14:41:25,2615,-0.80,1.07,10.60,-0.05,0.01,-0.02,24.25,1441.25,0.01,85169,-1.1059565000000000,36.9758874999999989,20230601,0
2023-08-01-14:41:25,2616,-0.81,1.07,10.58,-0.05,0.01,-0.02,24.73,1441.73,0.00,85174,-1.1059565000000000,36.9758876670000021,11412000,0
2023-08-01-14:41:25,2617,-0.81,1.07,10.61,-0.05,0.01,-0.02,24.34,1441.34,-0.00,85166,-1.1059565000000000,36.9758876670000021,11412000,0
2023-08-01-14:41:25,2618,-0.80,1.06,10.58,-0.05,0.00,-0.02,23.29,1440.29,-0.01,85171,-1.1059565000000000,36.9758876670000021,20230601,0
2023-08-01-14:41:25,2619,-0.81,1.07,10.60,-0.05,0.01,-0.02,23.48,1440.48,-0.00,85179,-1.1059565000000000,36.9758876670000021,20230601,0
2023-08-01-14:41:25,2620,-0.81,1.07,10.60,-0.05,0.01,-0.02,23.58,1440.58,-0.00,85179,-1.1059565000000000,36.9758876670000021,20230601,0
2023-08-01-14:41:25,2621,-0.80,1.07,10.61,-0.05,0.00,-0.02,24.25,1441.25,0.40,85172,-1.1059565000000000,36.9758876670000021,20230601,0
2023-08-01-14:41:25,2622,-0.80,1.07,10.60,-0.19,0.02,-0.09,23.19,1440.19,0.00,85180,-1.1059565000000000,36.9758879999999976,11412100,0
2023-08-01-14:41:26,2623,-0.80,1.08,10.60,-0.05,0.01,-0.02,23.39,1440.39,0.00,85176,-1.1059565000000000,36.9758879999999976,11412100,0
2023-08-01-14:41:26,2624,-0.81,1.06,10.59,-0.05,0.00,-0.02,23.29,1440.29,-0.00,85173,-1.1059565000000000,36.9758879999999976,20230601,0
2023-08-01-14:41:26,2625,-0.81,1.07,10.59,-0.05,0.01,-0.02,23.67,1440.67,0.74,85180,-1.1059565000000000,36.9758879999999976,20230601,0
2023-08-01-14:41:26,2626,-0.80,1.07,10.59,-0.05,0.01,-0.02,24.06,1441.06,-0.00,85173,-1.1059565000000000,36.9758879999999976,20230601,0
2023-08-01-14:41:26,2627,-0.81,1.07,10.59,-0.05,0.01,-0.02,23.29,1440.29,-0.00,85179,-1.1059565000000000,36.9758879999999976,20230601,0
2023-08-01-14:41:26,2628,-0.80,1.07,10.58,-0.05,0.00,-0.02,23.48,1440.48,0.01,85179,-1.1059566670000001,36.9758885000000035,11412200,0
2023-08-01-14:41:27,2629,-0.81,1.07,10.59,-0.05,0.01,-0.02,23.39,1440.39,-0.01,85180,-1.1059566670000001,36.9758885000000035,20230601,0
2023-08-01-14:41:27,2630,-0.81,1.07,10.59,-0.05,0.01,-0.02,23.86,1440.86,0.00,85180,-1.1059566670000001,36.9758885000000035,20230601,0
2023-08-01-14:41:27,2631,-0.80,1.07,10.59,-0.05,0.00,-0.02,23.39,1440.39,0.01,85182,-1.1059566670000001,36.9758885000000035,20230601,0
2023-08-01-14:41:27,2632,-0.00,-0.00,-0.00,-0.00,-0.00,-0.00,23.10,1440.10,-0.00,85172,-1.1059566670000001,36.9758885000000035,20230601,0
2023-08-01-14:41:27,2633,-0.80,1.08,10.58,-0.05,0.00,-0.02,23.00,1440.00,-0.00,85184,-1.1059566670000001,36.9758886669999995,11412300,0
2023-08-01-14:41:27,2634,-0.80,1.08,10.60,-0.05,0.01,-0.02,23.96,1440.96,0.00,85173,-1.1059566670000001,36.9758886669999995,20230601,0
2023-08-01-14:41:28,2635,-0.82,1.07,10.58,-0.05,0.00,-0.02,24.34,1441.34,0.01,85168,-1.1059566670000001,36.9758886669999995,20230601,0
2023-08-01-14:41:28,2636,-0.81,1.07,10.58,-0.19,0.02,-0.10,23.67,1440.67,-0.00,85172,-1.1059566670000001,36.9758886669999995,20230601,0
2023-08-01-14:41:28,2637,-0.80,1.06,10.59,-0.05,0.00,-0.02,23.29,1440.29,0.00,85173,-1.1059566670000001,36.9758886669999995,20230601,0
2023-08-01-14:41:28,2638,-0.81,1.07,10.59,-0.05,0.01,-0.02,24.25,1441.25,0.00,85171,-1.1059553330000000,36.9758885000000035,11412400,0
2023-08-01-14:41:28,2639,-0.81,1.07,10.59,-0.05,0.00,-0.02,23.29,1440.29,-0.01,85184,-1.1059553330000000,36.9758885000000035,11412400,0
2023-08-01-14:41:29,2640,-0.80,1.07,10.61,-0.05,0.00,-0.02,23.48,1440.48,-0.00,85178,-1.1059553330000000,36.9758885000000035,20230601,0
2023-08-01-14:41:29,2641,-0.81,1.07,10.60,-0.05,0.00,-0.02,23.58,1440.58,-0.00,85181,-1.1059553330000000,36.9758885000000035,20230601,0
2023-08-01-14:41:29,2642,-0.80,1.07,10.58,-0.05,0.00,-0.02,23.86,1440.86,0.00,85171,-1.1059553330000000,36.9758885000000035,20230601,0
2023-08-01-14:41:29,2643,-0.81,1.08,10.60,-0.05,0.00,-0.02,23.96,1440.96,0.00,85171,-1.1059553330000000,36.9758885000000035,20230601,0
2023-08-01-14:41:29,2644,-0.80,1.07,10.60,-0.05,0.01,-0.02,23.86,1440.86,0.76,85167,-1.1059553330000000,36.9758883330000003,11412500,0
2023-08-01-14:41:29,2645,-0.80,1.07,10.58,-0.05,0.00,-0.02,23.48,1440.48,-0.00,85174,-1.1059553330000000,36.9758883330000003,11412500,0
2023-08-01-14:41:30,2646,-0.81,1.07,10.59,-0.05,0.00,-0.02,24.63,1441.63,0.01,85169,-1.1059553330000000,36.9758883330000003,20230601,0
2023-08-01-14:41:30,2647,-0.81,1.07,10.60,-0.05,0.01,-0.02,23.48,1440.48,0.76,85176,-1.1059553330000000,36.9758883330000003,20230601,0
2023-08-01-14:41:30,2648,-0.81,1.07,10.58,-0.05,0.00,-0.02,23.48,1440.48,0.77,85178,-1.1059553330000000,36.9758883330000003,20230601,0
2023-08-01-14:41:30,2649,-0.81,1.07,10.59,-0.05,0.00,-0.02,-26.51,1390.49,-0.37,85170,-1.1059553330000000,36.9758883330000003,20230601,0
2023-08-01-14:41:30,2650,-0.81,1.07,10.59,-0.05,0.01,-0.02,22.81,1439.81,0.73,85184,-1.1059556669999999,36.9758886669999995,11412600,0
2023-08-01-14:41:30,2651,-0.81,1.06,10.58,-0.05,0.01,-0.02,23.48,1440.48,-0.00,85179,-1.1059556669999999,36.9758886669999995,11412600,0
2023-08-01-14:41:31,2652,-0.81,1.07,10.60,-0.05,0.01,-0.02,23.86,1440.86,0.43,85181,-1.1059556669999999,36.9758886669999995,20230601,0
2023-08-01-14:41:31,2653,-0.81,1.07,10.58,-0.05,0.00,-0.02,23.00,1440.00,-0.01,85180,-1.1059556669999999,36.9758886669999995,20230601,0
2023-08-01-14:41:31,2654,-0.80,1.08,10.58,-0.05,0.00,-0.02,-3221.81,-1804.81,-23.69,85178,-1.1059556669999999,36.9758886669999995,20230601,0
2023-08-01-14:41:31,2655,-0.82,1.06,10.60,-0.19,0.02,-0.09,23.67,1440.67,91.17,85176,-1.1059556669999999,36.9758886669999995,20230601,0
2023-08-01-14:41:31,2656,-0.80,1.07,10.59,-0.05,0.00,-0.02,23.96,1440.96,0.00,85169,-1.1059551670000001,36.9758888329999991,11412700,0
2023-08-01-14:41:32,2657,-0.80,1.07,10.60,-0.05,0.00,-0.02,23.58,1440.58,-0.01,85173,-1.1059551670000001,36.9758888329999991,20230601,0
2023-08-01-14:41:32,2658,-1.61,2.14,21.17,-0.05,0.01,-0.02,23.58,1440.58,-0.00,85178,-1.1059551670000001,36.9758888329999991,20230601,0
2023-08-01-14:41:32,2659,-1.61,2.14,21.17,-0.05,0.00,-0.02,23.77,1440.77,0.00,85176,-1.1059551670000001,36.9758888329999991,20230601,0
2023-08-01-14:41:32,2660,-0.81,1.06,10.58,-0.19,0.02,-0.09,23.29,1440.29,-0.01,85174,-1.1059551670000001,36.9758888329999991,20230601,0
2023-08-01-14:41:32,2661,-0.00,-0.00,-0.00,-0.00,-0.00,-0.00,23.77,1440.77,0.00,85176,-1.1059551670000001,36.9758886669999995,11412800,0
2023-08-01-14:41:33,2662,-0.81,1.07,10.60,-0.05,0.00,-0.02,24.25,1441.25,0.01,169817,-1.1059551670000001,36.9758886669999995,11412800,0
2023-08-01-14:41:33,2663,-0.81,1.07,10.60,-0.19,0.02,-0.09,24.06,1441.06,0.00,85172,-1.1059551670000001,36.9758886669999995,20230601,0
2023-08-01-14:41:33,2664,-0.80,1.08,10.60,-0.05,0.00,-0.02,24.25,1441.25,92.59,85170,-1.1059551670000001,36.9758886669999995,20230601,0
2023-08-01-14:41:33,2665,-0.81,1.07,10.60,-0.05,0.01,-0.02,24.06,1441.06,0.77,85171,-1.1059551670000001,36.9758886669999995,20230601,0
2023-08-01-14:41:33,2666,-0.80,1.07,10.59,-0.05,0.01,-0.02,24.44,1441.44,0.01,85173,-1.1059551670000001,36.9758886669999995,20230601,0
2023-08-01-14:41:33,2667,-0.82,1.07,10.59,-0.05,0.01,-0.02,23.58,1440.58,-0.01,85178,-1.1059551670000001,36.9758888329999991,11412900,0
2023-08-01-14:41:34,2668,-0.80,1.07,10.59,-0.05,0.01,-0.02,23.96,1440.96,0.00,85173,-1.1059551670000001,36.9758888329999991,11412900,0
2023-08-01-14:41:34,2669,-0.80,1.07,10.60,-0.05,0.01,-0.02,23.58,1440.58,91.15,85180,-1.1059551670000001,36.9758888329999991,20230601,0
2023-08-01-14:41:34,2670,-0.81,1.07,10.59,-0.05,0.01,-0.02,23.77,1440.77,0.00,85176,-1.1059551670000001,36.9758888329999991,20230601,0
2023-08-01-14:41:34,2671,-0.80,1.08,10.59,-0.05,0.00,-0.02,23.96,1440.96,-0.00,85168,-1.1059551670000001,36.9758888329999991,20230601,0
2023-08-01-14:41:35,2672,-0.81,1.07,10.60,-0.05,0.01,-0.02,23.58,1440.58,0.00,85177,-1.1059551670000001,36.9758888329999991,20230601,0
2023-08-01-14:41:35,2673,-0.81,1.06,10.59,-0.05,0.01,-0.02,23.96,1440.96,0.00,85174,-1.1059550000000000,36.9758890000000022,11413000,0
2023-08-01-14:41:35,2674,-0.81,1.07,10.59,-0.05,0.01,-0.02,23.67,1440.67,-0.01,85177,-1.1059550000000000,36.9758890000000022,20230601,0
2023-08-01-14:41:35,2675,-0.81,1.07,10.58,-0.05,0.00,-0.02,23.58,1440.58,-0.00,85179,-1.1059550000000000,36.9758890000000022,20230601,0
2023-08-01-14:41:35,2676,-0.00,-0.00,-0.00,-0.00,-0.00,-0.00,23.67,1440.67,0.00,85175,-1.1059550000000000,36.9758890000000022,20230601,0
2023-08-01-14:41:36,2677,-0.81,1.07,10.59,-0.05,0.00,-0.02,-24.22,1392.78,-0.30,85177,-1.1059550000000000,36.9758890000000022,20230601,0
2023-08-01-14:41:36,2678,-0.80,1.07,10.59,-0.05,0.01,-0.02,24.25,1441.25,-0.00,85172,-1.1059553330000000,36.9758890000000022,11413100,0
2023-08-01-14:41:36,2679,-0.81,1.07,10.58,-0.05,0.01,-0.02,23.96,1440.96,0.00,85174,-1.1059553330000000,36.9758890000000022,11413100,0
2023-08-01-14:41:38,2680,-0.81,1.07,10.58,-0.05,0.00,-0.02,24.06,1441.06,-0.01,85163,-1.1059553330000000,36.9758890000000022,20230601,0
2023-08-01-14:41:38,2681,-0.82,1.08,10.59,-0.05,0.01,-0.02,24.44,1441.44,0.00,85172,-1.1059553330000000,36.9758890000000022,20230601,0
2023-08-01-14:41:38,2682,-0.79,1.07,10.59,-0.05,0.00,-0.02,23.58,1440.58,0.01,85179,-1.1059553330000000,36.9758890000000022,20230601,0
2023-08-01-14:41:38,2683,-0.80,1.07,10.59,-0.05,0.01,-0.02,23.96,1440.96,0.01,85173,-1.1059555000000001,36.9758890000000022,11413200,0
2023-08-01-14:41:38,2684,-0.80,1.07,10.60,-0.05,0.00,-0.02,24.06,1441.06,0.00,85175,-1.1059555000000001,36.9758890000000022,11413200,0
2023-08-01-14:41:38,2685,-0.81,1.07,10.60,-0.05,0.00,-0.02,24.25,1441.25,-0.00,85177,-1.1059555000000001,36.9758890000000022,20230601,0
2023-08-01-14:41:38,2686,-0.80,1.07,10.58,-0.05,0.01,-0.02,23.58,1440.58,-0.00,85183,-1.1059555000000001,36.9758890000000022,20230601,0
2023-08-01-14:41:38,2687,-0.80,1.07,10.59,-0.05,0.00,-0.02,23.77,1440.77,-0.01,85178,-1.1059555000000001,36.9758890000000022,20230601,0
2023-08-01-14:41:38,2688,-0.80,1.07,10.59,-0.19,0.02,-0.09,24.54,1441.54,0.00,85167,-1.1059555000000001,36.9758890000000022,20230601,0
2023-08-01-14:41:38,2689,-0.81,1.07,10.61,-0.05,0.01,-0.02,23.10,1440.10,-0.00,85174,-1.1059559999999999,36.9758890000000022,11413300,0
2023-08-01-14:41:39,2690,-0.80,1.07,10.60,-0.05,0.00,-0.02,23.77,1440.77,0.00,85174,-1.1059559999999999,36.9758890000000022,20230601,0
2023-08-01-14:41:39,2691,-0.81,1.07,10.58,-0.05,0.00,-0.02,24.25,1441.25,0.00,85175,-1.1059559999999999,36.9758890000000022,20230601,0
2023-08-01-14:41:39,2692,-0.81,1.07,10.60,-0.05,0.00,-0.02,23.67,1440.67,-0.00,85175,-1.1059559999999999,36.9758890000000022,20230601,0
2023-08-01-14:41:39,2693,-0.81,1.07,10.59,-0.05,0.01,-0.02,23.77,1440.77,-0.00,85177,-1.1059559999999999,36.9758890000000022,20230601,0
2023-08-01-14:41:40,2694,-0.81,1.07,10.58,-0.05,0.01,-0.02,24.06,1441.06,0.00,85174,-1.1059570000000001,36.9758888329999991,11413400,0
2023-08-01-14:41:40,2695,-0.82,1.07,10.59,-0.05,0.00,-0.02,23.86,1440.86,0.00,85174,-1.1059570000000001,36.9758888329999991,11413400,0
2023-08-01-14:41:42,2696,-0.80,1.07,10.60,-0.05,0.00,-0.02,23.77,1440.77,-0.00,85166,-1.1059570000000001,36.9758888329999991,20230601,0
2023-08-01-14:41:42,2697,-0.80,1.07,10.59,-0.05,0.00,-0.02,24.44,1441.44,0.00,85174,-1.1059570000000001,36.9758888329999991,20230601,0
2023-08-01-14:41:42,2698,-0.81,1.07,10.59,-0.05,0.00,-0.02,23.58,1440.58,0.00,85180,-1.1059566670000001,36.9758888329999991,11413500,0
2023-08-01-14:41:42,2699,-0.81,1.08,10.59,-0.05,0.00,-0.02,23.48,1440.48,-0.00,85177,-1.1059566670000001,36.9758888329999991,11413500,0
2023-08-01-14:41:42,2700,-0.81,1.07,10.59,-0.05,0.00,-0.02,23.19,1440.19,-0.00,85176,-1.1059566670000001,36.9758888329999991,20230601,0
2023-08-01-14:41:42,2701,-0.81,1.07,10.59,-0.05,0.00,-0.02,23.86,1440.86,-0.00,85176,-1.1059566670000001,36.9758888329999991,20230601,0
2023-08-01-14:41:42,2702,-0.80,1.08,10.59,-0.05,0.00,-0.02,23.96,1440.96,0.01,85174,-1.1059566670000001,36.9758888329999991,20230601,0
2023-08-01-14:41:42,2703,-0.81,1.07,10.60,-0.05,0.01,-0.02,23.48,1440.48,-0.00,85178,-1.1059566670000001,36.9758888329999991,20230601,0
2023-08-01-14:41:42,2704,-0.80,1.06,10.59,-0.05,0.01,-0.02,23.48,1440.48,0.00,85175,-1.1059574999999999,36.9758886669999995,11413600,0
2023-08-01-14:41:43,2705,-0.80,1.06,10.58,-0.05,0.00,-0.02,23.19,1440.19,-0.00,85168,-1.1059574999999999,36.9758886669999995,20230601,0
2023-08-01-14:41:44,2706,-0.81,1.07,10.60,-0.05,0.00,-0.02,23.19,1440.19,-0.00,85182,-1.1059574999999999,36.9758886669999995,20230601,0
2023-08-01-14:41:45,2707,-0.81,1.07,10.60,-0.05,0.00,-0.02,23.67,1440.67,0.00,85174,-1.1059574999999999,36.9758886669999995,20230601,0
2023-08-01-14:41:46,2708,-0.80,1.06,10.58,-0.05,0.01,-0.02,23.77,1440.77,0.01,85174,-1.1059574999999999,36.9758888329999991,11413700,0
2023-08-01-14:41:47,2709,-0.80,1.07,10.60,-0.19,0.02,-0.09,24.06,1441.06,0.00,85179,-1.1059574999999999,36.9758888329999991,20230601,0
2023-08-01-14:41:48,2710,-0.80,1.08,10.57,-0.05,0.00,-0.02,23.29,1440.29,-0.00,85178,-1.1059574999999999,36.9758888329999991,20230601,0
2023-08-01-14:41:48,2711,-0.79,1.07,10.59,-0.05,0.00,-0.02,23.58,1440.58,0.00,85173,-1.1059574999999999,36.9758888329999991,20230601,0
2023-08-01-14:41:48,2712,-0.81,1.07,10.59,-0.05,0.00,-0.02,23.67,1440.67,-0.00,85178,-1.1059576670000000,36.9758888329999991,11413800,0
2023-08-01-14:41:49,2713,-0.80,1.07,10.59,-0.19,0.02,-0.09,23.48,1440.48,0.00,85182,-1.1059576670000000,36.9758888329999991,20230601,0
